JobTitle,Link,Date,Company,Location,Salary,Source 
full stack developer,https://www.jobbank.gc.ca/jobsearch/jobposting/43751652;jsessionid=39E98F4EE3CA0F34AE2C62415C3DFC51.jobsearch77?source=searchresults,March 31 2025,quickQR,Mississauga (ON),$30.00 to $45.25 hourly,indeed.com 
full stack developer,https://www.jobbank.gc.ca/jobsearch/jobposting/43607852;jsessionid=39E98F4EE3CA0F34AE2C62415C3DFC51.jobsearch77?source=searchresults,March 11 2025,Atlantix Media Inc,Saint John (NB),Salary not available,indeed.com 
full stack Web developer,https://www.jobbank.gc.ca/jobsearch/jobposting/43696478;jsessionid=39E98F4EE3CA0F34AE2C62415C3DFC51.jobsearch77?source=searchresults,March 25 2025,Fabled Solutions Ltd.,Edmonton (AB),Salary not available,indeed.com 
full stack developer,https://www.jobbank.gc.ca/jobsearch/jobposting/43744156;jsessionid=39E98F4EE3CA0F34AE2C62415C3DFC51.jobsearch77?source=searchresults,March 31 2025,Comtech (Communication Technologies) Ltd.,Calgary (AB),$80000.00 annually,Job Bank 
full stack developer,https://www.jobbank.gc.ca/jobsearch/jobposting/43303285;jsessionid=39E98F4EE3CA0F34AE2C62415C3DFC51.jobsearch77?source=searchresults,February 03 2025,Masterpiece Studio,Ottawa, ON,$80000.00 annually,Job Bank 
full stack developer,https://www.jobbank.gc.ca/jobsearch/jobposting/42780509;jsessionid=39E98F4EE3CA0F34AE2C62415C3DFC51.jobsearch77?source=searchresults,December 06 2024,Comtech (Communication Technologies) Ltd.,Calgary (AB),$80000.00 annually,Job Bank 
full stack developer,https://www.jobbank.gc.ca/jobsearch/jobposting/43697475;jsessionid=39E98F4EE3CA0F34AE2C62415C3DFC51.jobsearch77?source=searchresults,March 07 2025,Boardwalk,Calgary (AB),$90000.00 to $120000.00 annually (to be negotiated),Job Bank 
full stack developer,https://www.jobbank.gc.ca/jobsearch/jobposting/43024326;jsessionid=39E98F4EE3CA0F34AE2C62415C3DFC51.jobsearch77?source=searchresults,January 07 2025,Boardwalk Insurance Corporation,Concord (ON),$37.00 hourly,Job Bank 
full stack developer,https://www.jobbank.gc.ca/jobsearch/jobposting/43436824;jsessionid=39E98F4EE3CA0F34AE2C62415C3DFC51.jobsearch77?source=searchresults,February 19 2025,Golden Earth Software Consulting Inc.,Edmonton (AB),$45.00 to $65.00 hourly (to be negotiated),Job Bank 
full stack developer,https://www.jobbank.gc.ca/jobsearch/jobposting/43529559;jsessionid=39E98F4EE3CA0F34AE2C62415C3DFC51.jobsearch77?source=searchresults,March 04 2025,Scrawlr Development Inc.,Vancouver (BC),$120000.00 annually,indeed.com 
full stack developer,https://www.jobbank.gc.ca/jobsearch/jobposting/43687496;jsessionid=39E98F4EE3CA0F34AE2C62415C3DFC51.jobsearch77?source=searchresults,March 24 2025,Nobitech Digital Solutions inc.,Mississauga (ON),$3200.00 biweekly,Job Bank 
full stack developer,https://www.jobbank.gc.ca/jobsearch/jobposting/43549583;jsessionid=39E98F4EE3CA0F34AE2C62415C3DFC51.jobsearch77?source=searchresults,March 06 2025,NextGen Kitchens,Vancouver (BC),$75726.00 to $108650.00 annually,indeed.com 
full stack developer,https://www.jobbank.gc.ca/jobsearch/jobposting/43668994;jsessionid=39E98F4EE3CA0F34AE2C62415C3DFC51.jobsearch77?source=searchresults,February 18 2025,Myriad Services Inc.,Surrey (BC),$38.50 hourly,Job Bank 
full stack developer,https://www.jobbank.gc.ca/jobsearch/jobposting/43200884;jsessionid=39E98F4EE3CA0F34AE2C62415C3DFC51.jobsearch77?source=searchresults,January 23 2025,Junipurr Jewelry,Markham (ON),$50.48 hourly,Job Bank 
full stack Web developer,https://www.jobbank.gc.ca/jobsearch/jobposting/43620337;jsessionid=39E98F4EE3CA0F34AE2C62415C3DFC51.jobsearch77?source=searchresults,March 18 2025,AOShield Solutions Inc.,Edmonton (AB),$36.94 hourly,Job Bank 
full stack Web developer,https://www.jobbank.gc.ca/jobsearch/jobposting/43534738;jsessionid=39E98F4EE3CA0F34AE2C62415C3DFC51.jobsearch77?source=searchresults,March 05 2025,ABOMIS INNOVATIONS INC.,Vancouver (BC),$47.00 hourly,Job Bank 
full stack developer,https://www.jobbank.gc.ca/jobsearch/jobposting/43522905;jsessionid=39E98F4EE3CA0F34AE2C62415C3DFC51.jobsearch77?source=searchresults,March 03 2025,Scout Talent Inc,Stouffville (ON),$130000.00 to $150000.00 annually (to be negotiated),Job Bank 
full stack developer,https://www.jobbank.gc.ca/jobsearch/jobposting/43405135;jsessionid=39E98F4EE3CA0F34AE2C62415C3DFC51.jobsearch77?source=searchresults,February 14 2025,Squamish Personnel,Squamish (BC),$50.00 to $70.00 hourly (to be negotiated),Job Bank 
full stack Web developer,https://www.jobbank.gc.ca/jobsearch/jobposting/43539099;jsessionid=39E98F4EE3CA0F34AE2C62415C3DFC51.jobsearch77?source=searchresults,March 06 2025,Framar,Niagara Falls (ON),$2100.00 to $4000.00 biweekly (to be negotiated),Job Bank 
developer, software,https://www.jobbank.gc.ca/jobsearch/jobposting/43623484;jsessionid=39E98F4EE3CA0F34AE2C62415C3DFC51.jobsearch77?source=searchresults,March 17 2025,Solutions Techso,Montréal (QC),Salary not available,JobsMedia.ca 
developer, software,https://www.jobbank.gc.ca/jobsearch/jobposting/43621943;jsessionid=39E98F4EE3CA0F34AE2C62415C3DFC51.jobsearch77?source=searchresults,March 17 2025,Solutions Techso,Montréal (QC),Salary not available,JobsMedia.ca 
